Entity,Code,Year,Gender Inequality Index
Argentina,ARG,1990,0.489
Argentina,ARG,1991,0.452
Argentina,ARG,1992,0.45
Argentina,ARG,1993,0.442
Argentina,ARG,1994,0.444
Argentina,ARG,1995,0.442
Argentina,ARG,1996,0.429
Argentina,ARG,1997,0.429
Argentina,ARG,1998,0.425
Argentina,ARG,1999,0.421
Argentina,ARG,2000,0.426
Argentina,ARG,2001,0.425
Argentina,ARG,2002,0.396
Argentina,ARG,2003,0.397
Argentina,ARG,2004,0.39
Argentina,ARG,2005,0.375
Argentina,ARG,2006,0.375
Argentina,ARG,2007,0.374
Argentina,ARG,2008,0.373
Argentina,ARG,2009,0.37
Argentina,ARG,2010,0.37
Argentina,ARG,2011,0.364
Argentina,ARG,2012,0.353
Argentina,ARG,2013,0.352
Argentina,ARG,2014,0.347
Argentina,ARG,2015,0.338
Argentina,ARG,2016,0.333
Argentina,ARG,2017,0.321
Argentina,ARG,2018,0.301
Argentina,ARG,2019,0.283
Argentina,ARG,2020,0.285
Argentina,ARG,2021,0.272
Argentina,ARG,2022,0.262
Argentina,ARG,2023,0.264
Brazil,BRA,1990,0.582
Brazil,BRA,1991,0.577
Brazil,BRA,1992,0.561
Brazil,BRA,1993,0.557
Brazil,BRA,1994,0.553
Brazil,BRA,1995,0.543
Brazil,BRA,1996,0.536
Brazil,BRA,1997,0.53
Brazil,BRA,1998,0.522
Brazil,BRA,1999,0.514
Brazil,BRA,2000,0.506
Brazil,BRA,2001,0.495
Brazil,BRA,2002,0.494
Brazil,BRA,2003,0.471
Brazil,BRA,2004,0.47
Brazil,BRA,2005,0.467
Brazil,BRA,2006,0.466
Brazil,BRA,2007,0.463
Brazil,BRA,2008,0.46
Brazil,BRA,2009,0.456
Brazil,BRA,2010,0.447
Brazil,BRA,2011,0.446
Brazil,BRA,2012,0.441
Brazil,BRA,2013,0.445
Brazil,BRA,2014,0.441
Brazil,BRA,2015,0.436
Brazil,BRA,2016,0.432
Brazil,BRA,2017,0.422
Brazil,BRA,2018,0.401
Brazil,BRA,2019,0.398
Brazil,BRA,2020,0.411
Brazil,BRA,2021,0.405
Brazil,BRA,2022,0.39
Brazil,BRA,2023,0.39
Chile,CHL,1990,0.508
Chile,CHL,1991,0.504
Chile,CHL,1992,0.491
Chile,CHL,1993,0.486
Chile,CHL,1994,0.483
Chile,CHL,1995,0.477
Chile,CHL,1996,0.469
Chile,CHL,1997,0.465
Chile,CHL,1998,0.44
Chile,CHL,1999,0.438
Chile,CHL,2000,0.433
Chile,CHL,2001,0.435
Chile,CHL,2002,0.417
Chile,CHL,2003,0.41
Chile,CHL,2004,0.393
Chile,CHL,2005,0.379
Chile,CHL,2006,0.382
Chile,CHL,2007,0.376
Chile,CHL,2008,0.37
Chile,CHL,2009,0.357
Chile,CHL,2010,0.35
Chile,CHL,2011,0.335
Chile,CHL,2012,0.327
Chile,CHL,2013,0.308
Chile,CHL,2014,0.291
Chile,CHL,2015,0.287
Chile,CHL,2016,0.267
Chile,CHL,2017,0.249
Chile,CHL,2018,0.215
Chile,CHL,2019,0.195
Chile,CHL,2020,0.182
Chile,CHL,2021,0.119
Chile,CHL,2022,0.114
Chile,CHL,2023,0.102
China,CHN,1998,0.207
China,CHN,1999,0.228
China,CHN,2000,0.224
China,CHN,2001,0.215
China,CHN,2002,0.213
China,CHN,2003,0.205
China,CHN,2004,0.204
China,CHN,2005,0.21
China,CHN,2006,0.223
China,CHN,2007,0.221
China,CHN,2008,0.23
China,CHN,2009,0.227
China,CHN,2010,0.226
China,CHN,2011,0.232
China,CHN,2012,0.227
China,CHN,2013,0.217
China,CHN,2014,0.21
China,CHN,2015,0.202
China,CHN,2016,0.192
China,CHN,2017,0.181
China,CHN,2018,0.163
China,CHN,2019,0.159
China,CHN,2020,0.154
China,CHN,2021,0.145
China,CHN,2022,0.138
China,CHN,2023,0.132
Germany,DEU,1990,0.178
Germany,DEU,1991,0.166
Germany,DEU,1992,0.156
Germany,DEU,1993,0.147
Germany,DEU,1994,0.139
Germany,DEU,1995,0.134
Germany,DEU,1996,0.134
Germany,DEU,1997,0.133
Germany,DEU,1998,0.133
Germany,DEU,1999,0.125
Germany,DEU,2000,0.125
Germany,DEU,2001,0.122
Germany,DEU,2002,0.117
Germany,DEU,2003,0.111
Germany,DEU,2004,0.106
Germany,DEU,2005,0.107
Germany,DEU,2006,0.104
Germany,DEU,2007,0.103
Germany,DEU,2008,0.102
Germany,DEU,2009,0.096
Germany,DEU,2010,0.096
Germany,DEU,2011,0.087
Germany,DEU,2012,0.085
Germany,DEU,2013,0.077
Germany,DEU,2014,0.077
Germany,DEU,2015,0.076
Germany,DEU,2016,0.083
Germany,DEU,2017,0.085
Germany,DEU,2018,0.08
Germany,DEU,2019,0.076
Germany,DEU,2020,0.071
Germany,DEU,2021,0.064
Germany,DEU,2022,0.058
Germany,DEU,2023,0.057
India,IND,1990,0.697
India,IND,1991,0.698
India,IND,1992,0.7
India,IND,1993,0.702
India,IND,1994,0.702
India,IND,1995,0.702
India,IND,1996,0.697
India,IND,1997,0.692
India,IND,1998,0.682
India,IND,1999,0.676
India,IND,2000,0.671
India,IND,2001,0.65
India,IND,2002,0.643
India,IND,2003,0.637
India,IND,2004,0.629
India,IND,2005,0.615
India,IND,2006,0.601
India,IND,2007,0.594
India,IND,2008,0.596
India,IND,2009,0.58
India,IND,2010,0.566
India,IND,2011,0.561
India,IND,2012,0.557
India,IND,2013,0.55
India,IND,2014,0.528
India,IND,2015,0.496
India,IND,2016,0.484
India,IND,2017,0.488
India,IND,2018,0.487
India,IND,2019,0.464
India,IND,2020,0.441
India,IND,2021,0.438
India,IND,2022,0.427
India,IND,2023,0.403
Japan,JPN,1990,0.166
Japan,JPN,1991,0.165
Japan,JPN,1992,0.167
Japan,JPN,1993,0.165
Japan,JPN,1994,0.161
Japan,JPN,1995,0.163
Japan,JPN,1996,0.159
Japan,JPN,1997,0.162
Japan,JPN,1998,0.165
Japan,JPN,1999,0.159
Japan,JPN,2000,0.15
Japan,JPN,2001,0.154
Japan,JPN,2002,0.16
Japan,JPN,2003,0.159
Japan,JPN,2004,0.16
Japan,JPN,2005,0.146
Japan,JPN,2006,0.141
Japan,JPN,2007,0.133
Japan,JPN,2008,0.132
Japan,JPN,2009,0.123
Japan,JPN,2010,0.118
Japan,JPN,2011,0.117
Japan,JPN,2012,0.126
Japan,JPN,2013,0.128
Japan,JPN,2014,0.126
Japan,JPN,2015,0.118
Japan,JPN,2016,0.104
Japan,JPN,2017,0.096
Japan,JPN,2018,0.091
Japan,JPN,2019,0.082
Japan,JPN,2020,0.079
Japan,JPN,2021,0.072
Japan,JPN,2022,0.062
Japan,JPN,2023,0.059
Mexico,MEX,1990,0.552
Mexico,MEX,1991,0.51
Mexico,MEX,1992,0.505
Mexico,MEX,1993,0.498
Mexico,MEX,1994,0.492
Mexico,MEX,1995,0.485
Mexico,MEX,1996,0.483
Mexico,MEX,1997,0.477
Mexico,MEX,1998,0.459
Mexico,MEX,1999,0.454
Mexico,MEX,2000,0.459
Mexico,MEX,2001,0.46
Mexico,MEX,2002,0.46
Mexico,MEX,2003,0.435
Mexico,MEX,2004,0.433
Mexico,MEX,2005,0.425
Mexico,MEX,2006,0.43
Mexico,MEX,2007,0.43
Mexico,MEX,2008,0.433
Mexico,MEX,2009,0.415
Mexico,MEX,2010,0.418
Mexico,MEX,2011,0.414
Mexico,MEX,2012,0.391
Mexico,MEX,2013,0.39
Mexico,MEX,2014,0.388
Mexico,MEX,2015,0.379
Mexico,MEX,2016,0.37
Mexico,MEX,2017,0.372
Mexico,MEX,2018,0.365
Mexico,MEX,2019,0.366
Mexico,MEX,2020,0.368
Mexico,MEX,2021,0.365
Mexico,MEX,2022,0.361
Mexico,MEX,2023,0.358
Portugal,PRT,1990,0.267
Portugal,PRT,1991,0.26
Portugal,PRT,1992,0.255
Portugal,PRT,1993,0.241
Portugal,PRT,1994,0.233
Portugal,PRT,1995,0.228
Portugal,PRT,1996,0.226
Portugal,PRT,1997,0.225
Portugal,PRT,1998,0.216
Portugal,PRT,1999,0.19
Portugal,PRT,2000,0.201
Portugal,PRT,2001,0.187
Portugal,PRT,2002,0.186
Portugal,PRT,2003,0.179
Portugal,PRT,2004,0.177
Portugal,PRT,2005,0.165
Portugal,PRT,2006,0.158
Portugal,PRT,2007,0.137
Portugal,PRT,2008,0.134
Portugal,PRT,2009,0.132
Portugal,PRT,2010,0.127
Portugal,PRT,2011,0.12
Portugal,PRT,2012,0.114
Portugal,PRT,2013,0.099
Portugal,PRT,2014,0.091
Portugal,PRT,2015,0.083
Portugal,PRT,2016,0.081
Portugal,PRT,2017,0.083
Portugal,PRT,2018,0.08
Portugal,PRT,2019,0.077
Portugal,PRT,2020,0.071
Portugal,PRT,2021,0.062
Portugal,PRT,2022,0.073
Portugal,PRT,2023,0.076
Russia,RUS,1990,0.457
Russia,RUS,1991,0.45
Russia,RUS,1992,0.441
Russia,RUS,1993,0.452
Russia,RUS,1994,0.459
Russia,RUS,1995,0.456
Russia,RUS,1996,0.443
Russia,RUS,1997,0.417
Russia,RUS,1998,0.404
Russia,RUS,1999,0.39
Russia,RUS,2000,0.392
Russia,RUS,2001,0.38
Russia,RUS,2002,0.38
Russia,RUS,2003,0.37
Russia,RUS,2004,0.344
Russia,RUS,2005,0.335
Russia,RUS,2006,0.325
Russia,RUS,2007,0.292
Russia,RUS,2008,0.285
Russia,RUS,2009,0.286
Russia,RUS,2010,0.274
Russia,RUS,2011,0.258
Russia,RUS,2012,0.242
Russia,RUS,2013,0.23
Russia,RUS,2014,0.221
Russia,RUS,2015,0.206
Russia,RUS,2016,0.196
Russia,RUS,2017,0.179
Russia,RUS,2018,0.169
Russia,RUS,2019,0.16
Russia,RUS,2020,0.181
Russia,RUS,2021,0.179
Russia,RUS,2022,0.171
Russia,RUS,2023,0.169
South Africa,ZAF,1990,0.495
South Africa,ZAF,1991,0.493
South Africa,ZAF,1992,0.485
South Africa,ZAF,1993,0.483
South Africa,ZAF,1994,0.477
South Africa,ZAF,1995,0.473
South Africa,ZAF,1996,0.481
South Africa,ZAF,1997,0.482
South Africa,ZAF,1998,0.467
South Africa,ZAF,1999,0.453
South Africa,ZAF,2000,0.463
South Africa,ZAF,2001,0.452
South Africa,ZAF,2002,0.458
South Africa,ZAF,2003,0.464
South Africa,ZAF,2004,0.463
South Africa,ZAF,2005,0.444
South Africa,ZAF,2006,0.44
South Africa,ZAF,2007,0.438
South Africa,ZAF,2008,0.455
South Africa,ZAF,2009,0.447
South Africa,ZAF,2010,0.441
South Africa,ZAF,2011,0.437
South Africa,ZAF,2012,0.429
South Africa,ZAF,2013,0.428
South Africa,ZAF,2014,0.429
South Africa,ZAF,2015,0.425
South Africa,ZAF,2016,0.411
South Africa,ZAF,2017,0.406
South Africa,ZAF,2018,0.395
South Africa,ZAF,2019,0.395
South Africa,ZAF,2020,0.391
South Africa,ZAF,2021,0.392
South Africa,ZAF,2022,0.391
South Africa,ZAF,2023,0.388
South Korea,KOR,1990,0.314
South Korea,KOR,1991,0.308
South Korea,KOR,1992,0.306
South Korea,KOR,1993,0.302
South Korea,KOR,1994,0.284
South Korea,KOR,1995,0.276
South Korea,KOR,1996,0.269
South Korea,KOR,1997,0.261
South Korea,KOR,1998,0.244
South Korea,KOR,1999,0.237
South Korea,KOR,2000,0.185
South Korea,KOR,2001,0.18
South Korea,KOR,2002,0.187
South Korea,KOR,2003,0.173
South Korea,KOR,2004,0.109
South Korea,KOR,2005,0.102
South Korea,KOR,2006,0.097
South Korea,KOR,2007,0.088
South Korea,KOR,2008,0.084
South Korea,KOR,2009,0.08
South Korea,KOR,2010,0.078
South Korea,KOR,2011,0.08
South Korea,KOR,2012,0.074
South Korea,KOR,2013,0.073
South Korea,KOR,2014,0.07
South Korea,KOR,2015,0.067
South Korea,KOR,2016,0.061
South Korea,KOR,2017,0.054
South Korea,KOR,2018,0.055
South Korea,KOR,2019,0.051
South Korea,KOR,2020,0.042
South Korea,KOR,2021,0.04
South Korea,KOR,2022,0.04
South Korea,KOR,2023,0.038
Spain,ESP,1990,0.189
Spain,ESP,1991,0.181
Spain,ESP,1992,0.17
Spain,ESP,1993,0.161
Spain,ESP,1994,0.151
Spain,ESP,1995,0.144
Spain,ESP,1996,0.141
Spain,ESP,1997,0.142
Spain,ESP,1998,0.142
Spain,ESP,1999,0.152
Spain,ESP,2000,0.129
Spain,ESP,2001,0.133
Spain,ESP,2002,0.13
Spain,ESP,2003,0.132
Spain,ESP,2004,0.123
Spain,ESP,2005,0.124
Spain,ESP,2006,0.126
Spain,ESP,2007,0.127
Spain,ESP,2008,0.122
Spain,ESP,2009,0.112
Spain,ESP,2010,0.104
Spain,ESP,2011,0.095
Spain,ESP,2012,0.089
Spain,ESP,2013,0.083
Spain,ESP,2014,0.079
Spain,ESP,2015,0.074
Spain,ESP,2016,0.07
Spain,ESP,2017,0.067
Spain,ESP,2018,0.062
Spain,ESP,2019,0.055
Spain,ESP,2020,0.049
Spain,ESP,2021,0.043
Spain,ESP,2022,0.045
Spain,ESP,2023,0.043
United States,USA,1990,0.289
United States,USA,1991,0.292
United States,USA,1992,0.291
United States,USA,1993,0.293
United States,USA,1994,0.293
United States,USA,1995,0.292
United States,USA,1996,0.287
United States,USA,1997,0.282
United States,USA,1998,0.281
United States,USA,1999,0.275
United States,USA,2000,0.276
United States,USA,2001,0.269
United States,USA,2002,0.268
United States,USA,2003,0.265
United States,USA,2004,0.26
United States,USA,2005,0.258
United States,USA,2006,0.254
United States,USA,2007,0.254
United States,USA,2008,0.255
United States,USA,2009,0.26
United States,USA,2010,0.245
United States,USA,2011,0.244
United States,USA,2012,0.235
United States,USA,2013,0.231
United States,USA,2014,0.221
United States,USA,2015,0.217
United States,USA,2016,0.214
United States,USA,2017,0.21
United States,USA,2018,0.195
United States,USA,2019,0.191
United States,USA,2020,0.181
United States,USA,2021,0.176
United States,USA,2022,0.173
United States,USA,2023,0.169
Uruguay,URY,1990,0.426
Uruguay,URY,1991,0.429
Uruguay,URY,1992,0.426
Uruguay,URY,1993,0.426
Uruguay,URY,1994,0.426
Uruguay,URY,1995,0.422
Uruguay,URY,1996,0.419
Uruguay,URY,1997,0.415
Uruguay,URY,1998,0.41
Uruguay,URY,1999,0.381
Uruguay,URY,2000,0.379
Uruguay,URY,2001,0.367
Uruguay,URY,2002,0.363
Uruguay,URY,2003,0.357
Uruguay,URY,2004,0.352
Uruguay,URY,2005,0.351
Uruguay,URY,2006,0.349
Uruguay,URY,2007,0.337
Uruguay,URY,2008,0.333
Uruguay,URY,2009,0.324
Uruguay,URY,2010,0.318
Uruguay,URY,2011,0.325
Uruguay,URY,2012,0.324
Uruguay,URY,2013,0.326
Uruguay,URY,2014,0.326
Uruguay,URY,2015,0.29
Uruguay,URY,2016,0.284
Uruguay,URY,2017,0.26
Uruguay,URY,2018,0.254
Uruguay,URY,2019,0.256
Uruguay,URY,2020,0.235
Uruguay,URY,2021,0.221
Uruguay,URY,2022,0.218
Uruguay,URY,2023,0.218