Country,Code,Year,GDP_gross,GDP_pc,Region,GII,Gini
Argentina,ARG,1990,557088925124,17007.285,South America,0.489,
Argentina,ARG,1991,607968472614,18295.61,South America,0.452,0.46754274
Argentina,ARG,1992,656224702857,19476.283,South America,0.45,0.45454842
Argentina,ARG,1993,710080926887,20791.346,South America,0.442,0.44843096
Argentina,ARG,1994,751522674939,21711.844,South America,0.444,0.4589804
Argentina,ARG,1995,730140279566,20819.5,South America,0.442,0.48878098
Argentina,ARG,1996,770492868120,21695.596,South America,0.429,0.49490517
Argentina,ARG,1997,832987905019,23172.158,South America,0.429,0.49085242
Argentina,ARG,1998,865059429174,23783.102,South America,0.425,0.50712705
Argentina,ARG,1999,835773213823,22714.512,South America,0.421,0.49765623
Argentina,ARG,2000,829178972033,22281.38,South America,0.426,0.5103796
Argentina,ARG,2001,792621800475,21066.459,South America,0.425,0.5329304
Argentina,ARG,2002,706269738674,18571.701,South America,0.396,0.5375955
Argentina,ARG,2003,768683083609,20005.139,South America,0.397,0.50994456
Argentina,ARG,2004,838091886093,21591.45,South America,0.39,0.48483533
Argentina,ARG,2005,912276929668,23262.408,South America,0.375,0.47810286
Argentina,ARG,2006,985689236302,24877.25,South America,0.375,0.46444497
Argentina,ARG,2007,1074476681421,26850.664,South America,0.374,0.46282586
Argentina,ARG,2008,1118070705029,27658.484,South America,0.373,0.44986764
Argentina,ARG,2009,1051897409980,25747.197,South America,0.37,0.43758938
Argentina,ARG,2010,1158406210935,28056.258,South America,0.37,0.43676555
Argentina,ARG,2011,1227956360246,29425.76,South America,0.364,0.4273792
Argentina,ARG,2012,1215352364993,28825.967,South America,0.353,0.41437364
Argentina,ARG,2013,1244585524448,29227.66,South America,0.352,0.4108646
Argentina,ARG,2014,1213313877880,28200.814,South America,0.347,0.41822484
Argentina,ARG,2015,1246451419104,28669.207,South America,0.338,
Argentina,ARG,2016,1220521143173,27802.105,South America,0.333,0.42345008
Argentina,ARG,2017,1254921567938,28334.904,South America,0.321,0.41434798
Argentina,ARG,2018,1222075295207,27367.115,South America,0.301,0.4171897
Argentina,ARG,2019,1197623267200,26629.553,South America,0.283,0.43314135
Argentina,ARG,2020,1079052757506,23877.094,South America,0.285,0.42743686
Argentina,ARG,2021,1191725417699,26300.273,South America,0.272,0.4244556
Argentina,ARG,2022,1254527913254,27627.963,South America,0.262,0.4073646
Argentina,ARG,2023,1234317448237,27104.98,South America,0.264,0.42390975
Brazil,BRA,1990,1884169357571,12633.288,South America,0.582,0.60450876
Brazil,BRA,1991,1903617557453,12546.561,South America,0.577,
Brazil,BRA,1992,1893260506388,12271.979,South America,0.561,0.5310342
Brazil,BRA,1993,1986497717291,12669.429,South America,0.557,0.60066897
Brazil,BRA,1994,2102764853432,13202.931,South America,0.553,
Brazil,BRA,1995,2191581301438,13550.439,South America,0.543,0.59531194
Brazil,BRA,1996,2239990352941,13641.63,South America,0.536,0.5983838
Brazil,BRA,1997,2316034575532,13896.625,South America,0.53,0.5975472
Brazil,BRA,1998,2323865039823,13737.703,South America,0.522,0.59566253
Brazil,BRA,1999,2334739277338,13602.414,South America,0.514,0.5895122
Brazil,BRA,2000,2437186456558,14005.348,South America,0.506,
Brazil,BRA,2001,2471060823402,14016.132,South America,0.495,0.5840288
Brazil,BRA,2002,2546513723160,14265.905,South America,0.494,0.5810567
Brazil,BRA,2003,2575565090158,14259.366,South America,0.471,0.57553387
Brazil,BRA,2004,2723916728546,14911.261,South America,0.47,0.56471825
Brazil,BRA,2005,2811140139434,15221.014,South America,0.467,0.5631013
Brazil,BRA,2006,2922517194416,15657.4795,South America,0.466,0.5564221
Brazil,BRA,2007,3099910206578,16440.584,South America,0.463,0.54919165
Brazil,BRA,2008,3257825691169,17113.367,South America,0.46,0.5403759
Brazil,BRA,2009,3253726955440,16939.441,South America,0.456,0.53682
Brazil,BRA,2010,3498674868152,18062.158,South America,0.447,
Brazil,BRA,2011,3637727009587,18627.81,South America,0.446,0.5294177
Brazil,BRA,2012,3707614147323,18832.219,South America,0.441,0.5343539
Brazil,BRA,2013,3819021377717,19241.506,South America,0.445,0.526834
Brazil,BRA,2014,3838267555171,19183.172,South America,0.441,0.5202971
Brazil,BRA,2015,3702171669286,18357.068,South America,0.436,0.51926535
Brazil,BRA,2016,3580891601615,17620.928,South America,0.432,0.5336719
Brazil,BRA,2017,3628262108472,17724.48,South America,0.422,0.5332116
Brazil,BRA,2018,3692978213726,17917.75,South America,0.401,0.5388841
Brazil,BRA,2019,3738061272790,18018.621,South America,0.398,0.5350941
Brazil,BRA,2020,3615574021216,17327.516,South America,0.411,0.4890203
Brazil,BRA,2021,3787769507879,18075.705,South America,0.405,0.52938807
Brazil,BRA,2022,3902034936764,18554.047,South America,0.39,0.52015305
Brazil,BRA,2023,4015524861483,19018.238,South America,0.39,0.5163944
Chile,CHL,1990,148672338665,11064.255,South America,0.508,0.5723576
Chile,CHL,1991,160275311047,11731.046,South America,0.504,
Chile,CHL,1992,178172786599,12832.425,South America,0.491,0.5480666
Chile,CHL,1993,189912206346,13466.777,South America,0.486,
Chile,CHL,1994,199465166310,13932.774,South America,0.483,0.5642127
Chile,CHL,1995,217283979773,14956.858,South America,0.477,
Chile,CHL,1996,232065627693,15750.299,South America,0.469,0.54868966
Chile,CHL,1997,249219313822,16689.799,South America,0.465,
Chile,CHL,1998,259638890786,17163.031,South America,0.44,0.55516803
Chile,CHL,1999,258928437260,16902.092,South America,0.438,
Chile,CHL,2000,271801379087,17531.46,South America,0.433,0.52758694
Chile,CHL,2001,280374089508,17876.613,South America,0.435,
Chile,CHL,2002,289353908436,18246.645,South America,0.417,
Chile,CHL,2003,303020803220,18909.547,South America,0.41,0.5147556
Chile,CHL,2004,323245181807,19969.033,South America,0.393,
Chile,CHL,2005,342113150842,20925.916,South America,0.379,
Chile,CHL,2006,362810965093,21976.297,South America,0.382,0.47706884
Chile,CHL,2007,381561873816,22886.965,South America,0.376,
Chile,CHL,2008,396020751999,23518.086,South America,0.37,
Chile,CHL,2009,391593092542,23021.709,South America,0.357,0.47404668
Chile,CHL,2010,414507753725,24125.287,South America,0.35,
Chile,CHL,2011,440306288491,25375.229,South America,0.335,0.46868157
Chile,CHL,2012,467408637682,26679.916,South America,0.327,
Chile,CHL,2013,482872890996,27300.996,South America,0.308,0.4682394
Chile,CHL,2014,491529109334,27514.764,South America,0.291,
Chile,CHL,2015,502106533131,27821.197,South America,0.287,0.45343348
Chile,CHL,2016,510908655200,27968.604,South America,0.267,
Chile,CHL,2017,517845238398,27902.846,South America,0.249,0.45269984
Chile,CHL,2018,538507416046,28502.725,South America,0.215,
Chile,CHL,2019,541923532261,28228.5,South America,0.195,
Chile,CHL,2020,508630596663,26257.832,South America,0.182,0.47004908
Chile,CHL,2021,566278570129,29105.102,South America,0.119,
Chile,CHL,2022,577936774023,29557.393,South America,0.114,0.43042782
Chile,CHL,2023,579201187951,29462.64,South America,0.102,
China,CHN,1990,1868036533802,1645.579,Asia,,
China,CHN,1991,2041068761921,1773.6394,Asia,,
China,CHN,1992,2331401191963,2001.2543,Asia,,
China,CHN,1993,2655086622394,2253.052,Asia,,
China,CHN,1994,3001225131285,2518.1548,Asia,,
China,CHN,1995,3329977961864,2763.7998,Asia,,
China,CHN,1996,3660396914986,3006.3628,Asia,,
China,CHN,1997,3998499721193,3250.6145,Asia,,
China,CHN,1998,4312220081533,3472.1785,Asia,0.207,
China,CHN,1999,4642607356110,3705.9773,Asia,0.228,0.38703215
China,CHN,2000,5036769057117,3989.062,Asia,0.224,
China,CHN,2001,5456620701629,4290.3022,Asia,0.215,
China,CHN,2002,5955008290109,4650.897,Asia,0.213,0.41985726
China,CHN,2003,6552773837418,5085.978,Asia,0.205,
China,CHN,2004,7215496573067,5567.1904,Asia,0.204,
China,CHN,2005,8037672954625,6165.1836,Asia,0.21,0.40900767
China,CHN,2006,9060141767713,6910.758,Asia,0.223,
China,CHN,2007,10349477943026,7853.096,Asia,0.221,
China,CHN,2008,11348272829141,8566.965,Asia,0.23,0.4296504
China,CHN,2009,12414865856391,9325.65,Asia,0.227,
China,CHN,2010,13735294981706,10267.806,Asia,0.226,0.43744954
China,CHN,2011,15047129954669,11187.166,Asia,0.232,0.42409223
China,CHN,2012,16230396597386,11985.317,Asia,0.227,0.42237166
China,CHN,2013,17490873558596,12830.37,Asia,0.217,0.397364
China,CHN,2014,18789704490483,13696.518,Asia,0.21,0.39177653
China,CHN,2015,20112749379001,14575.935,Asia,0.202,0.38595304
China,CHN,2016,21490223756848,15485.213,Asia,0.192,0.38480517
China,CHN,2017,22983192752169,16461.07,Asia,0.181,0.39075777
China,CHN,2018,24534506282427,17490.166,Asia,0.163,0.38497642
China,CHN,2019,25994432263673,18465.299,Asia,0.159,0.38168344
China,CHN,2020,26576353594843,18833.785,Asia,0.154,0.37090832
China,CHN,2021,28821648700423,20406.73,Asia,0.145,0.35743752
China,CHN,2022,29672080421839,21011.617,Asia,0.138,
China,CHN,2023,31229733453000,22137.6,Asia,0.132,
Germany,DEU,1990,3388426626437,42657.652,Europe,0.178,
Germany,DEU,1991,3561516318798,44511.223,Europe,0.166,0.29492873
Germany,DEU,1992,3633251819740,45063.812,Europe,0.156,0.2907326
Germany,DEU,1993,3597889245649,44332.805,Europe,0.147,0.28612086
Germany,DEU,1994,3691347475698,45326.895,Europe,0.139,0.29159415
Germany,DEU,1995,3746917233848,45874.223,Europe,0.134,0.28811273
Germany,DEU,1996,3785816072826,46216.492,Europe,0.134,0.27993777
Germany,DEU,1997,3856036043038,47004.9,Europe,0.133,0.28246725
Germany,DEU,1998,3936864782455,47982.93,Europe,0.133,0.2827037
Germany,DEU,1999,4020724596059,48973.36,Europe,0.125,0.29047978
Germany,DEU,2000,4136410731596,50314.254,Europe,0.125,0.2888814
Germany,DEU,2001,4204104789680,51051.715,Europe,0.122,0.29949388
Germany,DEU,2002,4194506387554,50849.594,Europe,0.117,0.29810533
Germany,DEU,2003,4172278482067,50552.133,Europe,0.111,0.2980293
Germany,DEU,2004,4220775723171,51150.836,Europe,0.106,0.30192587
Germany,DEU,2005,4258159017100,51633.188,Europe,0.107,0.31704092
Germany,DEU,2006,4422342393741,53684.547,Europe,0.104,0.3104196
Germany,DEU,2007,4550152829213,55309.996,Europe,0.103,0.3117709
Germany,DEU,2008,4591577565999,55919.77,Europe,0.102,0.30800265
Germany,DEU,2009,4336967035088,52952.93,Europe,0.096,0.30479428
Germany,DEU,2010,4516810976550,55233.316,Europe,0.096,0.30218413
Germany,DEU,2011,4686551326779,58381.22,Europe,0.087,0.30610505
Germany,DEU,2012,4708779232266,58548.1,Europe,0.085,0.3105579
Germany,DEU,2013,4726965694896,58614.05,Europe,0.077,0.31453598
Germany,DEU,2014,4829517165011,59636.555,Europe,0.077,0.30847794
Germany,DEU,2015,4909335550077,60099.637,Europe,0.076,0.31653914
Germany,DEU,2016,5021990597107,60984.477,Europe,0.083,0.3141309
Germany,DEU,2017,5158389093082,62407.164,Europe,0.085,0.31314865
Germany,DEU,2018,5215979572661,62914.547,Europe,0.08,0.31872115
Germany,DEU,2019,5267507887953,63392.95,Europe,0.076,0.31780925
Germany,DEU,2020,5051796197610,60747.273,Europe,0.071,0.3243345
Germany,DEU,2021,5237197111069,62950.047,Europe,0.064,
Germany,DEU,2022,5308932626330,63353.94,Europe,0.058,
Germany,DEU,2023,5294787590648,63578.14,Europe,0.057,
India,IND,1990,1905660987236,2203.147,Asia,0.697,
India,IND,1991,1925800611593,2178.686,Asia,0.698,
India,IND,1992,2031380627684,2249.698,Asia,0.7,
India,IND,1993,2127886975436,2307.6072,Asia,0.702,0.26109812
India,IND,1994,2269581353432,2411.4626,Asia,0.702,
India,IND,1995,2441490607802,2542.422,Asia,0.702,
India,IND,1996,2625811484450,2680.2788,Asia,0.697,
India,IND,1997,2732152145428,2734.521,Asia,0.692,
India,IND,1998,2901119794984,2847.9624,Asia,0.682,
India,IND,1999,3157745760533,3041.4827,Asia,0.676,
India,IND,2000,3279034495943,3099.503,Asia,0.671,
India,IND,2001,3437214013863,3188.8103,Asia,0.65,
India,IND,2002,3567964786685,3250.6956,Asia,0.643,
India,IND,2003,3848420429844,3445.926,Asia,0.637,
India,IND,2004,4153328341064,3656.1262,Asia,0.629,0.27682066
India,IND,2005,4482414430651,3881.966,Asia,0.615,
India,IND,2006,4843729870659,4129.7783,Asia,0.601,
India,IND,2007,5214799058396,4379.696,Asia,0.594,
India,IND,2008,5375764159724,4450.39,Asia,0.596,
India,IND,2009,5798400761878,4731.362,Asia,0.58,0.27825886
India,IND,2010,6291124777993,5059.2827,Asia,0.566,
India,IND,2011,6620862520105,5249.5493,Asia,0.561,0.28776884
India,IND,2012,6982122438465,5460.4375,Asia,0.557,
India,IND,2013,7428008206430,5732.2417,Asia,0.55,
India,IND,2014,7978440521051,6079.8438,Asia,0.528,
India,IND,2015,8616416873256,6488.146,Asia,0.496,
India,IND,2016,9327814573620,6940.626,Asia,0.484,
India,IND,2017,9961675338509,7326.607,Asia,0.488,
India,IND,2018,10604587056326,7714.34,Asia,0.487,
India,IND,2019,11015136957033,7930.0913,Asia,0.464,
India,IND,2020,10378712667572,7399.531,Asia,0.441,
India,IND,2021,11384367630967,8050.0186,Asia,0.438,
India,IND,2022,12179797874332,8544.688,Asia,0.427,0.25514996
India,IND,2023,13172809037823,9160.063,Asia,0.403,
Japan,JPN,1990,4379281163543,35466.086,Asia,0.166,
Japan,JPN,1991,4533578883275,36571.74,Asia,0.165,
Japan,JPN,1992,4574407663005,36764.38,Asia,0.167,
Japan,JPN,1993,4553401081119,36477.11,Asia,0.165,
Japan,JPN,1994,4602731862291,36769.496,Asia,0.161,
Japan,JPN,1995,4723829719934,37648.477,Asia,0.163,
Japan,JPN,1996,4871868449276,38740.336,Asia,0.159,
Japan,JPN,1997,4919672622292,39027.367,Asia,0.162,
Japan,JPN,1998,4857176520735,38427.03,Asia,0.165,
Japan,JPN,1999,4840956953231,38228.844,Asia,0.159,
Japan,JPN,2000,4974792351105,39220.08,Asia,0.15,
Japan,JPN,2001,4994000194816,39276.754,Asia,0.154,
Japan,JPN,2002,4996095802114,39201.977,Asia,0.16,
Japan,JPN,2003,5072792142740,39718.695,Asia,0.159,
Japan,JPN,2004,5183689247918,40573.332,Asia,0.16,
Japan,JPN,2005,5277197863477,41301.355,Asia,0.146,
Japan,JPN,2006,5349619495092,41841.63,Asia,0.141,
Japan,JPN,2007,5429006212038,42413.78,Asia,0.133,
Japan,JPN,2008,5362539486135,41874.23,Asia,0.132,0.34599212
Japan,JPN,2009,5057237438354,39495.164,Asia,0.123,0.32979482
Japan,JPN,2010,5264478877562,41106.26,Asia,0.118,0.3149226
Japan,JPN,2011,5265732324912,41192.277,Asia,0.117,0.32975632
Japan,JPN,2012,5338123032664,41825.312,Asia,0.126,0.32534882
Japan,JPN,2013,5445157747028,42725.55,Asia,0.128,0.31533545
Japan,JPN,2014,5461286604529,42909.004,Asia,0.126,0.31277955
Japan,JPN,2015,5546516901265,43624.926,Asia,0.118,0.3070093
Japan,JPN,2016,5588328029133,43976.266,Asia,0.104,0.31840593
Japan,JPN,2017,5681951062992,44749.637,Asia,0.096,0.31792736
Japan,JPN,2018,5718508226089,45094.734,Asia,0.091,0.32894954
Japan,JPN,2019,5695510147252,44976.508,Asia,0.082,0.32984936
Japan,JPN,2020,5459310569514,43238.297,Asia,0.079,0.32339275
Japan,JPN,2021,5599031809810,44549.34,Asia,0.072,
Japan,JPN,2022,5652487834657,45174.73,Asia,0.062,
Japan,JPN,2023,5747394208942,46157.637,Asia,0.059,
Mexico,MEX,1990,1439033955398,17375.404,North America,0.552,
Mexico,MEX,1991,1496248577970,17721.645,North America,0.51,
Mexico,MEX,1992,1549643907377,18009.732,North America,0.505,0.52310723
Mexico,MEX,1993,1594072189750,18186.0,North America,0.498,
Mexico,MEX,1994,1664117760389,18643.654,North America,0.492,0.53422207
Mexico,MEX,1995,1565763414661,17232.238,North America,0.485,
Mexico,MEX,1996,1663127236587,17988.953,North America,0.483,0.51971227
Mexico,MEX,1997,1782853706613,18962.25,North America,0.477,
Mexico,MEX,1998,1893124615588,19807.688,North America,0.459,0.5328315
Mexico,MEX,1999,1945280774125,20030.547,North America,0.454,
Mexico,MEX,2000,2043114468732,20715.873,North America,0.459,0.5341742
Mexico,MEX,2001,2033903184132,20318.896,North America,0.46,
Mexico,MEX,2002,2029091213228,19981.475,North America,0.46,0.50582886
Mexico,MEX,2003,2053146999955,19937.625,North America,0.435,
Mexico,MEX,2004,2126350745076,20368.49,North America,0.433,0.50343025
Mexico,MEX,2005,2171285791082,20520.318,North America,0.425,0.50938904
Mexico,MEX,2006,2275616367064,21217.143,North America,0.43,0.49712265
Mexico,MEX,2007,2322900578840,21355.223,North America,0.43,
Mexico,MEX,2008,2344813240147,21244.197,North America,0.433,0.5084356
Mexico,MEX,2009,2197201371567,19617.918,North America,0.415,
Mexico,MEX,2010,2306431603215,20298.826,North America,0.418,0.4765793
Mexico,MEX,2011,2385866146860,20702.826,North America,0.414,
Mexico,MEX,2012,2470640999508,21149.451,North America,0.391,0.49597234
Mexico,MEX,2013,2491693369992,21054.742,North America,0.39,
Mexico,MEX,2014,2554079479194,21322.33,North America,0.388,0.48912337
Mexico,MEX,2015,2623098967266,21665.557,North America,0.379,
Mexico,MEX,2016,2669593219099,21836.922,North America,0.37,0.46912423
Mexico,MEX,2017,2719560757103,22038.57,North America,0.372,
Mexico,MEX,2018,2773192728060,22261.46,North America,0.365,0.45954892
Mexico,MEX,2019,2762302663072,21964.354,North America,0.366,
Mexico,MEX,2020,2531538944018,19964.967,North America,0.368,0.44594306
Mexico,MEX,2021,2684658657897,21031.709,North America,0.365,
Mexico,MEX,2022,2783698698268,21643.973,North America,0.361,0.43454006
Mexico,MEX,2023,2872776532330,22142.607,North America,0.358,
Portugal,PRT,1990,272884544732,27334.326,Europe,0.267,
Portugal,PRT,1991,284804705655,28594.176,Europe,0.26,
Portugal,PRT,1992,287907585519,28928.186,Europe,0.255,
Portugal,PRT,1993,282024835099,28302.463,Europe,0.241,
Portugal,PRT,1994,284745919445,28498.744,Europe,0.233,
Portugal,PRT,1995,296940962585,29616.572,Europe,0.228,
Portugal,PRT,1996,307346838780,30539.4,Europe,0.226,
Portugal,PRT,1997,320872764977,31741.37,Europe,0.225,
Portugal,PRT,1998,336300210086,33099.777,Europe,0.216,
Portugal,PRT,1999,349438037566,34198.855,Europe,0.19,
Portugal,PRT,2000,362773213556,35255.277,Europe,0.201,
Portugal,PRT,2001,369824335489,35687.953,Europe,0.187,
Portugal,PRT,2002,372675403301,35766.66,Europe,0.186,
Portugal,PRT,2003,369207580090,35301.07,Europe,0.179,0.38775006
Portugal,PRT,2004,375811727733,35846.69,Europe,0.177,0.38938776
Portugal,PRT,2005,378750003299,36059.992,Europe,0.165,0.38480073
Portugal,PRT,2006,384904822045,36579.953,Europe,0.158,0.3806078
Portugal,PRT,2007,394552768237,37423.324,Europe,0.137,0.36750183
Portugal,PRT,2008,395812366753,37488.703,Europe,0.134,0.3663415
Portugal,PRT,2009,383454795443,36283.67,Europe,0.132,0.34907416
Portugal,PRT,2010,390117799955,36897.203,Europe,0.127,0.35844672
Portugal,PRT,2011,383433024158,36318.336,Europe,0.12,0.36344677
Portugal,PRT,2012,367900525742,34988.68,Europe,0.114,0.36034793
Portugal,PRT,2013,364279991805,34835.01,Europe,0.099,0.36187103
Portugal,PRT,2014,366980732593,35283.008,Europe,0.091,0.35562173
Portugal,PRT,2015,372814986001,35992.688,Europe,0.083,0.355233
Portugal,PRT,2016,380286724338,36830.03,Europe,0.081,0.3519052
Portugal,PRT,2017,392892167422,38143.758,Europe,0.083,0.3380384
Portugal,PRT,2018,404467880266,39330.5,Europe,0.08,0.33492562
Portugal,PRT,2019,415573293036,40400.805,Europe,0.077,0.32762748
Portugal,PRT,2020,381477033392,37047.105,Europe,0.071,0.3466863
Portugal,PRT,2021,402682416685,38862.09,Europe,0.062,0.34592018
Portugal,PRT,2022,430813173827,41288.047,Europe,0.073,0.36252204
Portugal,PRT,2023,441696725649,41755.48,Europe,0.076,
Russia,RUS,1990,4430965465823,29945.146,Europe,0.457,
Russia,RUS,1991,4207337321649,28352.436,Europe,0.45,
Russia,RUS,1992,3595966031564,24209.033,Europe,0.441,
Russia,RUS,1993,3284248265412,22122.291,Europe,0.452,0.45385477
Russia,RUS,1994,2871426272665,19348.201,Europe,0.459,
Russia,RUS,1995,2752447909421,18550.52,Europe,0.456,
Russia,RUS,1996,2649091579168,17879.922,Europe,0.443,0.4609863
Russia,RUS,1997,2686176630881,18160.229,Europe,0.417,0.384092
Russia,RUS,1998,2543810300221,17226.227,Europe,0.404,0.38137004
Russia,RUS,1999,2706611989347,18385.465,Europe,0.39,0.37443388
Russia,RUS,2000,2977274996668,20309.268,Europe,0.392,0.37092742
Russia,RUS,2001,3129117546629,21435.766,Europe,0.38,0.36924985
Russia,RUS,2002,3276185818148,22546.727,Europe,0.38,0.3728377
Russia,RUS,2003,3515345821616,24302.658,Europe,0.37,0.39971548
Russia,RUS,2004,3768448888207,26157.557,Europe,0.344,0.4031583
Russia,RUS,2005,4009628314978,27937.998,Europe,0.335,0.41265598
Russia,RUS,2006,4338420573560,30328.078,Europe,0.325,0.4095094
Russia,RUS,2007,4707185357846,32962.3,Europe,0.292,0.42272472
Russia,RUS,2008,4951957549655,34691.574,Europe,0.285,0.41568583
Russia,RUS,2009,4565705162222,31976.006,Europe,0.286,0.398456
Russia,RUS,2010,4771161894486,33399.926,Europe,0.274,0.39548978
Russia,RUS,2011,4976323248445,34795.035,Europe,0.258,0.39749315
Russia,RUS,2012,5176574783436,36104.273,Europe,0.242,0.40714827
Russia,RUS,2013,5267445523731,36628.92,Europe,0.23,0.40884423
Russia,RUS,2014,5306227998547,36217.965,Europe,0.221,0.3988122
Russia,RUS,2015,5201551018654,35393.57,Europe,0.206,0.37710539
Russia,RUS,2016,5211625906529,35361.547,Europe,0.196,0.368485
Russia,RUS,2017,5306779254504,35932.234,Europe,0.179,0.37239072
Russia,RUS,2018,5455753571577,36908.367,Europe,0.169,0.37473005
Russia,RUS,2019,5575675165814,37698.953,Europe,0.16,0.37736863
Russia,RUS,2020,5427716010814,36746.375,Europe,0.181,0.36068243
Russia,RUS,2021,5732443748434,38938.496,Europe,0.179,
Russia,RUS,2022,5613798699492,38263.617,Europe,0.171,
Russia,RUS,2023,5815895452674,39753.457,Europe,0.169,
South Africa,ZAF,1990,441053282325,,,0.495,
South Africa,ZAF,1991,436562279474,,,0.493,
South Africa,ZAF,1992,427232800173,,,0.485,
South Africa,ZAF,1993,432502964296,,,0.483,0.5933394
South Africa,ZAF,1994,446343059166,,,0.477,
South Africa,ZAF,1995,460179694002,,,0.473,
South Africa,ZAF,1996,479967420832,,,0.481,
South Africa,ZAF,1997,492446573781,,,0.482,
South Africa,ZAF,1998,494908806651,,,0.467,
South Africa,ZAF,1999,506786617998,,,0.453,
South Africa,ZAF,2000,528071655958,,,0.463,0.5776966
South Africa,ZAF,2001,542329590670,,,0.452,
South Africa,ZAF,2002,562397816028,,,0.458,
South Africa,ZAF,2003,578983352051,,,0.464,
South Africa,ZAF,2004,605353495673,,,0.463,
South Africa,ZAF,2005,637298314260,,,0.444,0.64761883
South Africa,ZAF,2006,673011278357,,,0.44,
South Africa,ZAF,2007,709087873314,,,0.438,
South Africa,ZAF,2008,731715178544,,,0.455,0.63009
South Africa,ZAF,2009,720460746881,,,0.447,
South Africa,ZAF,2010,742360829101,,,0.441,0.6338256
South Africa,ZAF,2011,765882949761,,,0.437,
South Africa,ZAF,2012,784235285032,,,0.429,
South Africa,ZAF,2013,803727202151,,,0.428,
South Africa,ZAF,2014,815090509939,,,0.429,0.6302572
South Africa,ZAF,2015,825864883586,,,0.425,
South Africa,ZAF,2016,831353187729,,,0.411,
South Africa,ZAF,2017,840979816625,,,0.406,
South Africa,ZAF,2018,854072054569,,,0.395,
South Africa,ZAF,2019,856292091691,,,0.395,
South Africa,ZAF,2020,803468137157,,,0.391,
South Africa,ZAF,2021,843280245239,,,0.392,
South Africa,ZAF,2022,859399378136,,,0.391,
South Africa,ZAF,2023,865402155557,,,0.388,
South Korea,KOR,1990,595170351447,13883.375,Asia,0.314,
South Korea,KOR,1991,659318145976,15228.258,Asia,0.308,
South Korea,KOR,1992,700186922750,16005.019,Asia,0.306,
South Korea,KOR,1993,748342097215,16932.875,Asia,0.302,
South Korea,KOR,1994,817703429271,18317.098,Asia,0.284,
South Korea,KOR,1995,896322060200,19877.193,Asia,0.276,
South Korea,KOR,1996,967048174816,21242.283,Asia,0.269,
South Korea,KOR,1997,1026720389434,22342.555,Asia,0.261,
South Korea,KOR,1998,974055299256,21044.047,Asia,0.244,
South Korea,KOR,1999,1085749659627,23291.014,Asia,0.237,
South Korea,KOR,2000,1184127626613,25189.857,Asia,0.185,
South Korea,KOR,2001,1241586230493,26210.3,Asia,0.18,
South Korea,KOR,2002,1337500538238,28072.367,Asia,0.187,
South Korea,KOR,2003,1379595574894,28806.19,Asia,0.173,
South Korea,KOR,2004,1451298556151,30183.496,Asia,0.109,
South Korea,KOR,2005,1513828374352,31417.291,Asia,0.102,
South Korea,KOR,2006,1593521244061,32897.965,Asia,0.097,0.31702983
South Korea,KOR,2007,1685938280114,34630.492,Asia,0.088,
South Korea,KOR,2008,1736735345459,35404.05,Asia,0.084,0.32324833
South Korea,KOR,2009,1750502428993,35501.508,Asia,0.08,
South Korea,KOR,2010,1869621054468,37728.88,Asia,0.078,0.32021224
South Korea,KOR,2011,1938529075321,38819.777,Asia,0.08,
South Korea,KOR,2012,1985102837153,39543.996,Asia,0.074,0.31558052
South Korea,KOR,2013,2047925558084,40610.164,Asia,0.073,
South Korea,KOR,2014,2113509427828,41648.246,Asia,0.07,0.31192905
South Korea,KOR,2015,2172880090240,42593.008,Asia,0.067,
South Korea,KOR,2016,2236912296310,43674.508,Asia,0.061,0.35222206
South Korea,KOR,2017,2307590576700,44928.05,Asia,0.054,0.34854642
South Korea,KOR,2018,2374681552210,46034.29,Asia,0.055,0.33725032
South Korea,KOR,2019,2427968880490,46903.84,Asia,0.051,0.33196163
South Korea,KOR,2020,2410744496330,46506.934,Asia,0.042,0.32708606
South Korea,KOR,2021,2514520654062,48571.434,Asia,0.04,0.32906574
South Korea,KOR,2022,2580216835950,49933.977,Asia,0.04,
South Korea,KOR,2023,2615223495508,50572.25,Asia,0.038,
Spain,ESP,1990,1229732673291,31639.244,Europe,0.189,0.32023215
Spain,ESP,1991,1261041673421,32362.303,Europe,0.181,
Spain,ESP,1992,1272759466644,32503.44,Europe,0.17,
Spain,ESP,1993,1259631057445,32001.795,Europe,0.161,0.3565849
Spain,ESP,1994,1289650527187,32608.84,Europe,0.151,0.35103723
Spain,ESP,1995,1325212562477,33360.46,Europe,0.144,0.35726634
Spain,ESP,1996,1359766303027,34088.027,Europe,0.141,0.3646458
Spain,ESP,1997,1408545196382,35163.18,Europe,0.142,0.3532442
Spain,ESP,1998,1469140492470,36524.426,Europe,0.142,0.34580052
Spain,ESP,1999,1533912920959,37980.48,Europe,0.152,0.33791927
Spain,ESP,2000,1613686228082,39777.45,Europe,0.129,0.3412891
Spain,ESP,2001,1676928024163,41050.457,Europe,0.133,
Spain,ESP,2002,1723135040591,41589.918,Europe,0.13,
Spain,ESP,2003,1773782970731,42045.082,Europe,0.132,0.31800938
Spain,ESP,2004,1829027999245,42612.938,Europe,0.123,0.3330196
Spain,ESP,2005,1893980908237,43387.035,Europe,0.124,0.32431775
Spain,ESP,2006,1970562799099,44384.727,Europe,0.126,0.33541155
Spain,ESP,2007,2040192638007,45110.254,Europe,0.127,0.3413741
Spain,ESP,2008,2055844297669,44736.902,Europe,0.122,0.342204
Spain,ESP,2009,1978377348784,42671.52,Europe,0.112,0.34924084
Spain,ESP,2010,1980239443377,42515.49,Europe,0.104,0.35244483
Spain,ESP,2011,1967567481442,42093.582,Europe,0.095,0.35693973
Spain,ESP,2012,1911194436507,40861.01,Europe,0.089,0.3540366
Spain,ESP,2013,1883915534186,40409.99,Europe,0.083,0.36181897
Spain,ESP,2014,1912560204681,41147.246,Europe,0.079,0.36052307
Spain,ESP,2015,1990226725096,42851.414,Europe,0.074,0.36178336
Spain,ESP,2016,2048244939445,44063.383,Europe,0.07,0.35757092
Spain,ESP,2017,2107562974810,45233.24,Europe,0.067,0.34651256
Spain,ESP,2018,2158047774432,46114.344,Europe,0.062,0.34716326
Spain,ESP,2019,2200370944084,46682.477,Europe,0.055,0.34303713
Spain,ESP,2020,1959648808037,41372.78,Europe,0.049,0.34863642
Spain,ESP,2021,2090614963398,44091.11,Europe,0.043,0.3388591
Spain,ESP,2022,2219800589424,46479.086,Europe,0.045,0.3357942
Spain,ESP,2023,2279194983404,47141.543,Europe,0.043,
United States,USA,1990,11077900303189,44378.523,North America,0.289,0.38262486
United States,USA,1991,11065901509335,43742.027,North America,0.292,0.38044837
United States,USA,1992,11455697578395,44659.152,North America,0.291,0.38372794
United States,USA,1993,11770934990303,45286.934,North America,0.293,0.40363088
United States,USA,1994,12245188636483,46537.355,North America,0.293,0.3998538
United States,USA,1995,12573902243850,47220.957,North America,0.292,0.39853597
United States,USA,1996,13048286993253,48435.7,North America,0.287,0.40308315
United States,USA,1997,13628561010065,49984.27,North America,0.282,0.40524122
United States,USA,1998,14239547573257,51619.87,North America,0.281,0.3995175
United States,USA,1999,14921397636720,53474.047,North America,0.275,0.3998439
United States,USA,2000,15529830421656,55038.62,North America,0.276,0.4013887
United States,USA,2001,15678223906470,55017.305,North America,0.269,0.40594274
United States,USA,2002,15944823845281,55436.117,North America,0.268,0.40352023
United States,USA,2003,16390578291949,56498.207,North America,0.265,0.4077004
United States,USA,2004,17021250323630,58131.633,North America,0.26,0.4054555
United States,USA,2005,17614194078716,59604.754,North America,0.258,0.41260278
United States,USA,2006,18104668294995,60676.566,North America,0.254,0.41693398
United States,USA,2007,18467460192997,61306.598,North America,0.254,0.41088763
United States,USA,2008,18488436872853,60798.434,North America,0.255,0.41092274
United States,USA,2009,18012082253511,58714.973,North America,0.26,0.40849945
United States,USA,2010,18497542558601,59799.285,North America,0.245,0.40241358
United States,USA,2011,18786919382280,60294.98,North America,0.244,0.41163278
United States,USA,2012,19216973268992,61224.406,North America,0.235,0.41155744
United States,USA,2013,19623956113038,62089.348,North America,0.231,0.4087145
United States,USA,2014,20119229405792,63191.246,North America,0.221,0.4173704
United States,USA,2015,20711851459007,64575.406,North America,0.217,0.41455927
United States,USA,2016,21088693545824,65275.57,North America,0.214,0.4133007
United States,USA,2017,21606973981864,66458.02,North America,0.21,0.4138584
United States,USA,2018,22247945960330,68070.21,North America,0.195,0.417826
United States,USA,2019,22822794023500,69511.766,North America,0.191,0.4190184
United States,USA,2020,22329130338514,67352.39,North America,0.181,0.40001062
United States,USA,2021,23681171000000,71318.305,North America,0.176,0.3969645
United States,USA,2022,24276130895651,72841.92,North America,0.173,0.416991
United States,USA,2023,24977117772096,74577.51,North America,0.169,0.41818878
Uruguay,URY,1990,43792346295,14106.527,South America,0.426,
Uruguay,URY,1991,45342073570,14521.76,South America,0.429,
Uruguay,URY,1992,48938420224,15586.964,South America,0.426,
Uruguay,URY,1993,50238981306,15916.822,South America,0.426,
Uruguay,URY,1994,53897053675,16987.04,South America,0.426,
Uruguay,URY,1995,53116840482,16653.97,South America,0.422,
Uruguay,URY,1996,56079675410,17490.334,South America,0.419,
Uruguay,URY,1997,60873188404,18885.1,South America,0.415,
Uruguay,URY,1998,63623980886,19641.396,South America,0.41,
Uruguay,URY,1999,62656294545,19255.072,South America,0.381,
Uruguay,URY,2000,61447071522,18812.98,South America,0.379,
Uruguay,URY,2001,59084966236,18045.338,South America,0.367,
Uruguay,URY,2002,54516512383,16626.63,South America,0.363,
Uruguay,URY,2003,54955525089,16748.678,South America,0.357,
Uruguay,URY,2004,57705587689,17576.299,South America,0.352,
Uruguay,URY,2005,62010500777,18872.436,South America,0.351,
Uruguay,URY,2006,64552049119,19623.63,South America,0.349,0.4594138
Uruguay,URY,2007,68774728413,20871.482,South America,0.337,0.46404767
Uruguay,URY,2008,73710102417,22321.67,South America,0.333,0.45081532
Uruguay,URY,2009,76837986334,23213.256,South America,0.324,0.4554152
Uruguay,URY,2010,82833969175,24960.666,South America,0.318,0.4447481
Uruguay,URY,2011,87109968853,26184.115,South America,0.325,0.42175147
Uruguay,URY,2012,90192075235,27040.85,South America,0.324,0.39900434
Uruguay,URY,2013,94374767564,28210.84,South America,0.326,0.40450794
Uruguay,URY,2014,97431369259,29029.104,South America,0.326,0.40110943
Uruguay,URY,2015,97792587543,29035.658,South America,0.29,0.401286
Uruguay,URY,2016,99445084893,29427.865,South America,0.284,0.39695355
Uruguay,URY,2017,101175803767,29859.129,South America,0.26,0.3946439
Uruguay,URY,2018,101342518889,29854.62,South America,0.254,0.3968712
Uruguay,URY,2019,102283333210,30108.074,South America,0.256,0.39676315
Uruguay,URY,2020,94734678136,27871.6,South America,0.235,0.40155625
Uruguay,URY,2021,100003719372,29441.477,South America,0.221,0.4077686
Uruguay,URY,2022,104711152067,30879.93,South America,0.218,0.40551695
Uruguay,URY,2023,105095939557,31019.31,South America,0.218,0.40867537
