Entity,Code,Year,Gender Inequality Index,Gini coefficient (2021 prices) - Income or consumption consolidated
Argentina,ARG,1990,0.489,
Argentina,ARG,1991,0.452,0.46754274
Argentina,ARG,1992,0.45,0.45454842
Argentina,ARG,1993,0.442,0.44843096
Argentina,ARG,1994,0.444,0.4589804
Argentina,ARG,1995,0.442,0.48878098
Argentina,ARG,1996,0.429,0.49490517
Argentina,ARG,1997,0.429,0.49085242
Argentina,ARG,1998,0.425,0.50712705
Argentina,ARG,1999,0.421,0.49765623
Argentina,ARG,2000,0.426,0.5103796
Argentina,ARG,2001,0.425,0.5329304
Argentina,ARG,2002,0.396,0.5375955
Argentina,ARG,2003,0.397,0.50994456
Argentina,ARG,2004,0.39,0.48483533
Argentina,ARG,2005,0.375,0.47810286
Argentina,ARG,2006,0.375,0.46444497
Argentina,ARG,2007,0.374,0.46282586
Argentina,ARG,2008,0.373,0.44986764
Argentina,ARG,2009,0.37,0.43758938
Argentina,ARG,2010,0.37,0.43676555
Argentina,ARG,2011,0.364,0.4273792
Argentina,ARG,2012,0.353,0.41437364
Argentina,ARG,2013,0.352,0.4108646
Argentina,ARG,2014,0.347,0.41822484
Argentina,ARG,2015,0.338,
Argentina,ARG,2016,0.333,0.42345008
Argentina,ARG,2017,0.321,0.41434798
Argentina,ARG,2018,0.301,0.4171897
Argentina,ARG,2019,0.283,0.43314135
Argentina,ARG,2020,0.285,0.42743686
Argentina,ARG,2021,0.272,0.4244556
Argentina,ARG,2022,0.262,0.4073646
Argentina,ARG,2023,0.264,0.42390975
Brazil,BRA,1990,0.582,0.60450876
Brazil,BRA,1991,0.577,
Brazil,BRA,1992,0.561,0.5310342
Brazil,BRA,1993,0.557,0.60066897
Brazil,BRA,1994,0.553,
Brazil,BRA,1995,0.543,0.59531194
Brazil,BRA,1996,0.536,0.5983838
Brazil,BRA,1997,0.53,0.5975472
Brazil,BRA,1998,0.522,0.59566253
Brazil,BRA,1999,0.514,0.5895122
Brazil,BRA,2000,0.506,
Brazil,BRA,2001,0.495,0.5840288
Brazil,BRA,2002,0.494,0.5810567
Brazil,BRA,2003,0.471,0.57553387
Brazil,BRA,2004,0.47,0.56471825
Brazil,BRA,2005,0.467,0.5631013
Brazil,BRA,2006,0.466,0.5564221
Brazil,BRA,2007,0.463,0.54919165
Brazil,BRA,2008,0.46,0.5403759
Brazil,BRA,2009,0.456,0.53682
Brazil,BRA,2010,0.447,
Brazil,BRA,2011,0.446,0.5294177
Brazil,BRA,2012,0.441,0.5343539
Brazil,BRA,2013,0.445,0.526834
Brazil,BRA,2014,0.441,0.5202971
Brazil,BRA,2015,0.436,0.51926535
Brazil,BRA,2016,0.432,0.5336719
Brazil,BRA,2017,0.422,0.5332116
Brazil,BRA,2018,0.401,0.5388841
Brazil,BRA,2019,0.398,0.5350941
Brazil,BRA,2020,0.411,0.4890203
Brazil,BRA,2021,0.405,0.52938807
Brazil,BRA,2022,0.39,0.52015305
Brazil,BRA,2023,0.39,0.5163944
Chile,CHL,1990,0.508,0.5723576
Chile,CHL,1991,0.504,
Chile,CHL,1992,0.491,0.5480666
Chile,CHL,1993,0.486,
Chile,CHL,1994,0.483,0.5642127
Chile,CHL,1995,0.477,
Chile,CHL,1996,0.469,0.54868966
Chile,CHL,1997,0.465,
Chile,CHL,1998,0.44,0.55516803
Chile,CHL,1999,0.438,
Chile,CHL,2000,0.433,0.52758694
Chile,CHL,2001,0.435,
Chile,CHL,2002,0.417,
Chile,CHL,2003,0.41,0.5147556
Chile,CHL,2004,0.393,
Chile,CHL,2005,0.379,
Chile,CHL,2006,0.382,0.47706884
Chile,CHL,2007,0.376,
Chile,CHL,2008,0.37,
Chile,CHL,2009,0.357,0.47404668
Chile,CHL,2010,0.35,
Chile,CHL,2011,0.335,0.46868157
Chile,CHL,2012,0.327,
Chile,CHL,2013,0.308,0.4682394
Chile,CHL,2014,0.291,
Chile,CHL,2015,0.287,0.45343348
Chile,CHL,2016,0.267,
Chile,CHL,2017,0.249,0.45269984
Chile,CHL,2018,0.215,
Chile,CHL,2019,0.195,
Chile,CHL,2020,0.182,0.47004908
Chile,CHL,2021,0.119,
Chile,CHL,2022,0.114,0.43042782
Chile,CHL,2023,0.102,
China,CHN,1998,0.207,
China,CHN,1999,0.228,0.38703215
China,CHN,2000,0.224,
China,CHN,2001,0.215,
China,CHN,2002,0.213,0.41985726
China,CHN,2003,0.205,
China,CHN,2004,0.204,
China,CHN,2005,0.21,0.40900767
China,CHN,2006,0.223,
China,CHN,2007,0.221,
China,CHN,2008,0.23,0.4296504
China,CHN,2009,0.227,
China,CHN,2010,0.226,0.43744954
China,CHN,2011,0.232,0.42409223
China,CHN,2012,0.227,0.42237166
China,CHN,2013,0.217,0.397364
China,CHN,2014,0.21,0.39177653
China,CHN,2015,0.202,0.38595304
China,CHN,2016,0.192,0.38480517
China,CHN,2017,0.181,0.39075777
China,CHN,2018,0.163,0.38497642
China,CHN,2019,0.159,0.38168344
China,CHN,2020,0.154,0.37090832
China,CHN,2021,0.145,0.35743752
China,CHN,2022,0.138,
China,CHN,2023,0.132,
Germany,DEU,1990,0.178,
Germany,DEU,1991,0.166,0.29492873
Germany,DEU,1992,0.156,0.2907326
Germany,DEU,1993,0.147,0.28612086
Germany,DEU,1994,0.139,0.29159415
Germany,DEU,1995,0.134,0.28811273
Germany,DEU,1996,0.134,0.27993777
Germany,DEU,1997,0.133,0.28246725
Germany,DEU,1998,0.133,0.2827037
Germany,DEU,1999,0.125,0.29047978
Germany,DEU,2000,0.125,0.2888814
Germany,DEU,2001,0.122,0.29949388
Germany,DEU,2002,0.117,0.29810533
Germany,DEU,2003,0.111,0.2980293
Germany,DEU,2004,0.106,0.30192587
Germany,DEU,2005,0.107,0.31704092
Germany,DEU,2006,0.104,0.3104196
Germany,DEU,2007,0.103,0.3117709
Germany,DEU,2008,0.102,0.30800265
Germany,DEU,2009,0.096,0.30479428
Germany,DEU,2010,0.096,0.30218413
Germany,DEU,2011,0.087,0.30610505
Germany,DEU,2012,0.085,0.3105579
Germany,DEU,2013,0.077,0.31453598
Germany,DEU,2014,0.077,0.30847794
Germany,DEU,2015,0.076,0.31653914
Germany,DEU,2016,0.083,0.3141309
Germany,DEU,2017,0.085,0.31314865
Germany,DEU,2018,0.08,0.31872115
Germany,DEU,2019,0.076,0.31780925
Germany,DEU,2020,0.071,0.3243345
Germany,DEU,2021,0.064,
Germany,DEU,2022,0.058,
Germany,DEU,2023,0.057,
India,IND,1990,0.697,
India,IND,1991,0.698,
India,IND,1992,0.7,
India,IND,1993,0.702,0.26109812
India,IND,1994,0.702,
India,IND,1995,0.702,
India,IND,1996,0.697,
India,IND,1997,0.692,
India,IND,1998,0.682,
India,IND,1999,0.676,
India,IND,2000,0.671,
India,IND,2001,0.65,
India,IND,2002,0.643,
India,IND,2003,0.637,
India,IND,2004,0.629,0.27682066
India,IND,2005,0.615,
India,IND,2006,0.601,
India,IND,2007,0.594,
India,IND,2008,0.596,
India,IND,2009,0.58,0.27825886
India,IND,2010,0.566,
India,IND,2011,0.561,0.28776884
India,IND,2012,0.557,
India,IND,2013,0.55,
India,IND,2014,0.528,
India,IND,2015,0.496,
India,IND,2016,0.484,
India,IND,2017,0.488,
India,IND,2018,0.487,
India,IND,2019,0.464,
India,IND,2020,0.441,
India,IND,2021,0.438,
India,IND,2022,0.427,0.25514996
India,IND,2023,0.403,
Japan,JPN,1990,0.166,
Japan,JPN,1991,0.165,
Japan,JPN,1992,0.167,
Japan,JPN,1993,0.165,
Japan,JPN,1994,0.161,
Japan,JPN,1995,0.163,
Japan,JPN,1996,0.159,
Japan,JPN,1997,0.162,
Japan,JPN,1998,0.165,
Japan,JPN,1999,0.159,
Japan,JPN,2000,0.15,
Japan,JPN,2001,0.154,
Japan,JPN,2002,0.16,
Japan,JPN,2003,0.159,
Japan,JPN,2004,0.16,
Japan,JPN,2005,0.146,
Japan,JPN,2006,0.141,
Japan,JPN,2007,0.133,
Japan,JPN,2008,0.132,0.34599212
Japan,JPN,2009,0.123,0.32979482
Japan,JPN,2010,0.118,0.3149226
Japan,JPN,2011,0.117,0.32975632
Japan,JPN,2012,0.126,0.32534882
Japan,JPN,2013,0.128,0.31533545
Japan,JPN,2014,0.126,0.31277955
Japan,JPN,2015,0.118,0.3070093
Japan,JPN,2016,0.104,0.31840593
Japan,JPN,2017,0.096,0.31792736
Japan,JPN,2018,0.091,0.32894954
Japan,JPN,2019,0.082,0.32984936
Japan,JPN,2020,0.079,0.32339275
Japan,JPN,2021,0.072,
Japan,JPN,2022,0.062,
Japan,JPN,2023,0.059,
Mexico,MEX,1990,0.552,
Mexico,MEX,1991,0.51,
Mexico,MEX,1992,0.505,0.52310723
Mexico,MEX,1993,0.498,
Mexico,MEX,1994,0.492,0.53422207
Mexico,MEX,1995,0.485,
Mexico,MEX,1996,0.483,0.51971227
Mexico,MEX,1997,0.477,
Mexico,MEX,1998,0.459,0.5328315
Mexico,MEX,1999,0.454,
Mexico,MEX,2000,0.459,0.5341742
Mexico,MEX,2001,0.46,
Mexico,MEX,2002,0.46,0.50582886
Mexico,MEX,2003,0.435,
Mexico,MEX,2004,0.433,0.50343025
Mexico,MEX,2005,0.425,0.50938904
Mexico,MEX,2006,0.43,0.49712265
Mexico,MEX,2007,0.43,
Mexico,MEX,2008,0.433,0.5084356
Mexico,MEX,2009,0.415,
Mexico,MEX,2010,0.418,0.4765793
Mexico,MEX,2011,0.414,
Mexico,MEX,2012,0.391,0.49597234
Mexico,MEX,2013,0.39,
Mexico,MEX,2014,0.388,0.48912337
Mexico,MEX,2015,0.379,
Mexico,MEX,2016,0.37,0.46912423
Mexico,MEX,2017,0.372,
Mexico,MEX,2018,0.365,0.45954892
Mexico,MEX,2019,0.366,
Mexico,MEX,2020,0.368,0.44594306
Mexico,MEX,2021,0.365,
Mexico,MEX,2022,0.361,0.43454006
Mexico,MEX,2023,0.358,
Portugal,PRT,1990,0.267,
Portugal,PRT,1991,0.26,
Portugal,PRT,1992,0.255,
Portugal,PRT,1993,0.241,
Portugal,PRT,1994,0.233,
Portugal,PRT,1995,0.228,
Portugal,PRT,1996,0.226,
Portugal,PRT,1997,0.225,
Portugal,PRT,1998,0.216,
Portugal,PRT,1999,0.19,
Portugal,PRT,2000,0.201,
Portugal,PRT,2001,0.187,
Portugal,PRT,2002,0.186,
Portugal,PRT,2003,0.179,0.38775006
Portugal,PRT,2004,0.177,0.38938776
Portugal,PRT,2005,0.165,0.38480073
Portugal,PRT,2006,0.158,0.3806078
Portugal,PRT,2007,0.137,0.36750183
Portugal,PRT,2008,0.134,0.3663415
Portugal,PRT,2009,0.132,0.34907416
Portugal,PRT,2010,0.127,0.35844672
Portugal,PRT,2011,0.12,0.36344677
Portugal,PRT,2012,0.114,0.36034793
Portugal,PRT,2013,0.099,0.36187103
Portugal,PRT,2014,0.091,0.35562173
Portugal,PRT,2015,0.083,0.355233
Portugal,PRT,2016,0.081,0.3519052
Portugal,PRT,2017,0.083,0.3380384
Portugal,PRT,2018,0.08,0.33492562
Portugal,PRT,2019,0.077,0.32762748
Portugal,PRT,2020,0.071,0.3466863
Portugal,PRT,2021,0.062,0.34592018
Portugal,PRT,2022,0.073,0.36252204
Portugal,PRT,2023,0.076,
Russia,RUS,1990,0.457,
Russia,RUS,1991,0.45,
Russia,RUS,1992,0.441,
Russia,RUS,1993,0.452,0.45385477
Russia,RUS,1994,0.459,
Russia,RUS,1995,0.456,
Russia,RUS,1996,0.443,0.4609863
Russia,RUS,1997,0.417,0.384092
Russia,RUS,1998,0.404,0.38137004
Russia,RUS,1999,0.39,0.37443388
Russia,RUS,2000,0.392,0.37092742
Russia,RUS,2001,0.38,0.36924985
Russia,RUS,2002,0.38,0.3728377
Russia,RUS,2003,0.37,0.39971548
Russia,RUS,2004,0.344,0.4031583
Russia,RUS,2005,0.335,0.41265598
Russia,RUS,2006,0.325,0.4095094
Russia,RUS,2007,0.292,0.42272472
Russia,RUS,2008,0.285,0.41568583
Russia,RUS,2009,0.286,0.398456
Russia,RUS,2010,0.274,0.39548978
Russia,RUS,2011,0.258,0.39749315
Russia,RUS,2012,0.242,0.40714827
Russia,RUS,2013,0.23,0.40884423
Russia,RUS,2014,0.221,0.3988122
Russia,RUS,2015,0.206,0.37710539
Russia,RUS,2016,0.196,0.368485
Russia,RUS,2017,0.179,0.37239072
Russia,RUS,2018,0.169,0.37473005
Russia,RUS,2019,0.16,0.37736863
Russia,RUS,2020,0.181,0.36068243
Russia,RUS,2021,0.179,
Russia,RUS,2022,0.171,
Russia,RUS,2023,0.169,
South Africa,ZAF,1990,0.495,
South Africa,ZAF,1991,0.493,
South Africa,ZAF,1992,0.485,
South Africa,ZAF,1993,0.483,0.5933394
South Africa,ZAF,1994,0.477,
South Africa,ZAF,1995,0.473,
South Africa,ZAF,1996,0.481,
South Africa,ZAF,1997,0.482,
South Africa,ZAF,1998,0.467,
South Africa,ZAF,1999,0.453,
South Africa,ZAF,2000,0.463,0.5776966
South Africa,ZAF,2001,0.452,
South Africa,ZAF,2002,0.458,
South Africa,ZAF,2003,0.464,
South Africa,ZAF,2004,0.463,
South Africa,ZAF,2005,0.444,0.64761883
South Africa,ZAF,2006,0.44,
South Africa,ZAF,2007,0.438,
South Africa,ZAF,2008,0.455,0.63009
South Africa,ZAF,2009,0.447,
South Africa,ZAF,2010,0.441,0.6338256
South Africa,ZAF,2011,0.437,
South Africa,ZAF,2012,0.429,
South Africa,ZAF,2013,0.428,
South Africa,ZAF,2014,0.429,0.6302572
South Africa,ZAF,2015,0.425,
South Africa,ZAF,2016,0.411,
South Africa,ZAF,2017,0.406,
South Africa,ZAF,2018,0.395,
South Africa,ZAF,2019,0.395,
South Africa,ZAF,2020,0.391,
South Africa,ZAF,2021,0.392,
South Africa,ZAF,2022,0.391,
South Africa,ZAF,2023,0.388,
South Korea,KOR,1990,0.314,
South Korea,KOR,1991,0.308,
South Korea,KOR,1992,0.306,
South Korea,KOR,1993,0.302,
South Korea,KOR,1994,0.284,
South Korea,KOR,1995,0.276,
South Korea,KOR,1996,0.269,
South Korea,KOR,1997,0.261,
South Korea,KOR,1998,0.244,
South Korea,KOR,1999,0.237,
South Korea,KOR,2000,0.185,
South Korea,KOR,2001,0.18,
South Korea,KOR,2002,0.187,
South Korea,KOR,2003,0.173,
South Korea,KOR,2004,0.109,
South Korea,KOR,2005,0.102,
South Korea,KOR,2006,0.097,0.31702983
South Korea,KOR,2007,0.088,
South Korea,KOR,2008,0.084,0.32324833
South Korea,KOR,2009,0.08,
South Korea,KOR,2010,0.078,0.32021224
South Korea,KOR,2011,0.08,
South Korea,KOR,2012,0.074,0.31558052
South Korea,KOR,2013,0.073,
South Korea,KOR,2014,0.07,0.31192905
South Korea,KOR,2015,0.067,
South Korea,KOR,2016,0.061,0.35222206
South Korea,KOR,2017,0.054,0.34854642
South Korea,KOR,2018,0.055,0.33725032
South Korea,KOR,2019,0.051,0.33196163
South Korea,KOR,2020,0.042,0.32708606
South Korea,KOR,2021,0.04,0.32906574
South Korea,KOR,2022,0.04,
South Korea,KOR,2023,0.038,
Spain,ESP,1990,0.189,0.32023215
Spain,ESP,1991,0.181,
Spain,ESP,1992,0.17,
Spain,ESP,1993,0.161,0.3565849
Spain,ESP,1994,0.151,0.35103723
Spain,ESP,1995,0.144,0.35726634
Spain,ESP,1996,0.141,0.3646458
Spain,ESP,1997,0.142,0.3532442
Spain,ESP,1998,0.142,0.34580052
Spain,ESP,1999,0.152,0.33791927
Spain,ESP,2000,0.129,0.3412891
Spain,ESP,2001,0.133,
Spain,ESP,2002,0.13,
Spain,ESP,2003,0.132,0.31800938
Spain,ESP,2004,0.123,0.3330196
Spain,ESP,2005,0.124,0.32431775
Spain,ESP,2006,0.126,0.33541155
Spain,ESP,2007,0.127,0.3413741
Spain,ESP,2008,0.122,0.342204
Spain,ESP,2009,0.112,0.34924084
Spain,ESP,2010,0.104,0.35244483
Spain,ESP,2011,0.095,0.35693973
Spain,ESP,2012,0.089,0.3540366
Spain,ESP,2013,0.083,0.36181897
Spain,ESP,2014,0.079,0.36052307
Spain,ESP,2015,0.074,0.36178336
Spain,ESP,2016,0.07,0.35757092
Spain,ESP,2017,0.067,0.34651256
Spain,ESP,2018,0.062,0.34716326
Spain,ESP,2019,0.055,0.34303713
Spain,ESP,2020,0.049,0.34863642
Spain,ESP,2021,0.043,0.3388591
Spain,ESP,2022,0.045,0.3357942
Spain,ESP,2023,0.043,
United States,USA,1990,0.289,0.38262486
United States,USA,1991,0.292,0.38044837
United States,USA,1992,0.291,0.38372794
United States,USA,1993,0.293,0.40363088
United States,USA,1994,0.293,0.3998538
United States,USA,1995,0.292,0.39853597
United States,USA,1996,0.287,0.40308315
United States,USA,1997,0.282,0.40524122
United States,USA,1998,0.281,0.3995175
United States,USA,1999,0.275,0.3998439
United States,USA,2000,0.276,0.4013887
United States,USA,2001,0.269,0.40594274
United States,USA,2002,0.268,0.40352023
United States,USA,2003,0.265,0.4077004
United States,USA,2004,0.26,0.4054555
United States,USA,2005,0.258,0.41260278
United States,USA,2006,0.254,0.41693398
United States,USA,2007,0.254,0.41088763
United States,USA,2008,0.255,0.41092274
United States,USA,2009,0.26,0.40849945
United States,USA,2010,0.245,0.40241358
United States,USA,2011,0.244,0.41163278
United States,USA,2012,0.235,0.41155744
United States,USA,2013,0.231,0.4087145
United States,USA,2014,0.221,0.4173704
United States,USA,2015,0.217,0.41455927
United States,USA,2016,0.214,0.4133007
United States,USA,2017,0.21,0.4138584
United States,USA,2018,0.195,0.417826
United States,USA,2019,0.191,0.4190184
United States,USA,2020,0.181,0.40001062
United States,USA,2021,0.176,0.3969645
United States,USA,2022,0.173,0.416991
United States,USA,2023,0.169,0.41818878
Uruguay,URY,1990,0.426,
Uruguay,URY,1991,0.429,
Uruguay,URY,1992,0.426,
Uruguay,URY,1993,0.426,
Uruguay,URY,1994,0.426,
Uruguay,URY,1995,0.422,
Uruguay,URY,1996,0.419,
Uruguay,URY,1997,0.415,
Uruguay,URY,1998,0.41,
Uruguay,URY,1999,0.381,
Uruguay,URY,2000,0.379,
Uruguay,URY,2001,0.367,
Uruguay,URY,2002,0.363,
Uruguay,URY,2003,0.357,
Uruguay,URY,2004,0.352,
Uruguay,URY,2005,0.351,
Uruguay,URY,2006,0.349,0.4594138
Uruguay,URY,2007,0.337,0.46404767
Uruguay,URY,2008,0.333,0.45081532
Uruguay,URY,2009,0.324,0.4554152
Uruguay,URY,2010,0.318,0.4447481
Uruguay,URY,2011,0.325,0.42175147
Uruguay,URY,2012,0.324,0.39900434
Uruguay,URY,2013,0.326,0.40450794
Uruguay,URY,2014,0.326,0.40110943
Uruguay,URY,2015,0.29,0.401286
Uruguay,URY,2016,0.284,0.39695355
Uruguay,URY,2017,0.26,0.3946439
Uruguay,URY,2018,0.254,0.3968712
Uruguay,URY,2019,0.256,0.39676315
Uruguay,URY,2020,0.235,0.40155625
Uruguay,URY,2021,0.221,0.4077686
Uruguay,URY,2022,0.218,0.40551695
Uruguay,URY,2023,0.218,0.40867537
