Entity,Code,Year,Learning-adjusted years of schooling,Population (historical),World regions according to WB
Afghanistan,AFG,2023,5.0528383,41454709,South Asia (WB)
Albania,ALB,2023,8.953018,2811615,Europe and Central Asia (WB)
Algeria,DZA,2023,7.0915527,46164169,Middle East and North Africa (WB)
Angola,AGO,2023,4.2349777,36749852,Sub-Saharan Africa (WB)
Antigua and Barbuda,ATG,2023,8.444422,93293,Latin America and Caribbean (WB)
Argentina,ARG,2023,8.41131,45538356,Latin America and Caribbean (WB)
Armenia,ARM,2023,7.994621,2943346,Europe and Central Asia (WB)
Australia,AUS,2023,11.222505,26451074,East Asia and Pacific (WB)
Austria,AUT,2023,10.906205,9130386,Europe and Central Asia (WB)
Azerbaijan,AZE,2023,8.281513,10318161,Europe and Central Asia (WB)
Bahrain,BHR,2023,9.286839,1569625,Middle East and North Africa (WB)
Bangladesh,BGD,2023,5.989421,171466945,South Asia (WB)
Belarus,BLR,2023,10.784273,9115626,Europe and Central Asia (WB)
Belgium,BEL,2023,11.183289,11712836,Europe and Central Asia (WB)
Benin,BEN,2023,5.6664166,14110987,Sub-Saharan Africa (WB)
Bhutan,BTN,2023,6.3267903,786330,South Asia (WB)
Bosnia and Herzegovina,BIH,2023,7.801883,3185033,Europe and Central Asia (WB)
Botswana,BWA,2023,5.0830455,2480185,Sub-Saharan Africa (WB)
Brazil,BRA,2023,7.8728395,211140678,Latin America and Caribbean (WB)
Brunei,BRN,2023,9.218924,458910,East Asia and Pacific (WB)
Bulgaria,BGR,2023,8.687309,6795757,Europe and Central Asia (WB)
Burkina Faso,BFA,2023,4.5330615,23025738,Sub-Saharan Africa (WB)
Burundi,BDI,2023,5.1646743,13689406,Sub-Saharan Africa (WB)
Cambodia,KHM,2023,6.8439803,17423835,East Asia and Pacific (WB)
Cameroon,CMR,2023,5.2868743,28372638,Sub-Saharan Africa (WB)
Canada,CAN,2023,11.724046,39299053,North America (WB)
Central African Republic,CAF,2023,2.6961548,5152373,Sub-Saharan Africa (WB)
Chad,TCD,2023,2.830429,19319025,Sub-Saharan Africa (WB)
Chile,CHL,2023,9.40743,19658791,Latin America and Caribbean (WB)
China,CHN,2023,9.270027,1422584878,East Asia and Pacific (WB)
Colombia,COL,2023,8.622162,52321104,Latin America and Caribbean (WB)
Comoros,COM,2023,5.12939,850335,Sub-Saharan Africa (WB)
Congo,COG,2023,5.2851167,6182830,Sub-Saharan Africa (WB)
Costa Rica,CRI,2023,8.993311,5105469,Latin America and Caribbean (WB)
Cote d'Ivoire,CIV,2023,4.811591,31165592,Sub-Saharan Africa (WB)
Croatia,HRV,2023,10.446162,3895973,Europe and Central Asia (WB)
Cyprus,CYP,2023,10.91709,1344937,Europe and Central Asia (WB)
Czechia,CZE,2023,11.116524,10809674,Europe and Central Asia (WB)
Democratic Republic of Congo,COD,2023,4.5322757,105789681,Sub-Saharan Africa (WB)
Denmark,DNK,2023,11.098828,5948078,Europe and Central Asia (WB)
Dominica,DMA,2023,8.008872,66478,Latin America and Caribbean (WB)
Dominican Republic,DOM,2023,6.558533,11331213,Latin America and Caribbean (WB)
East Timor,TLS,2023,6.292721,1384234,East Asia and Pacific (WB)
Ecuador,ECU,2023,8.69649,17980034,Latin America and Caribbean (WB)
Egypt,EGY,2023,6.5293627,114535724,Middle East and North Africa (WB)
El Salvador,SLV,2023,7.6372886,6309575,Latin America and Caribbean (WB)
Estonia,EST,2023,11.719313,1367143,Europe and Central Asia (WB)
Eswatini,SWZ,2023,4.5254297,1230457,Sub-Saharan Africa (WB)
Ethiopia,ETH,2023,4.3491125,128691654,Sub-Saharan Africa (WB)
Fiji,FJI,2023,6.951136,924114,East Asia and Pacific (WB)
Finland,FIN,2023,11.738752,5601133,Europe and Central Asia (WB)
France,FRA,2023,11.2687235,66438774,Europe and Central Asia (WB)
Gabon,GAB,2023,6.024927,2484739,Sub-Saharan Africa (WB)
Gambia,GMB,2023,5.3754196,2697797,Sub-Saharan Africa (WB)
Georgia,GEO,2023,8.273992,3807436,Europe and Central Asia (WB)
Germany,DEU,2023,11.03309,84548184,Europe and Central Asia (WB)
Ghana,GHA,2023,5.9587283,33787870,Sub-Saharan Africa (WB)
Greece,GRC,2023,9.964251,10242850,Europe and Central Asia (WB)
Grenada,GRD,2023,8.273588,117047,Latin America and Caribbean (WB)
Guatemala,GTM,2023,6.29769,18124791,Latin America and Caribbean (WB)
Guinea,GIN,2023,4.56822,14405424,Sub-Saharan Africa (WB)
Guyana,GUY,2023,6.7632494,826310,Latin America and Caribbean (WB)
Haiti,HTI,2023,6.1498604,11637352,Latin America and Caribbean (WB)
Honduras,HND,2023,6.133804,10644802,Latin America and Caribbean (WB)
Hong Kong,HKG,2023,11.886783,7442686,East Asia and Pacific (WB)
Hungary,HUN,2023,10.271568,9686418,Europe and Central Asia (WB)
Iceland,ISL,2023,10.718311,387522,Europe and Central Asia (WB)
India,IND,2023,7.1021705,1438069540,South Asia (WB)
Indonesia,IDN,2023,7.8277683,281190021,East Asia and Pacific (WB)
Iran,IRN,2023,8.192462,90608663,Middle East and North Africa (WB)
Iraq,IRQ,2023,4.0308604,45074010,Middle East and North Africa (WB)
Ireland,IRL,2023,11.594797,5196586,Europe and Central Asia (WB)
Israel,ISR,2023,10.586509,9256261,Middle East and North Africa (WB)
Italy,ITA,2023,10.451879,59499408,Europe and Central Asia (WB)
Jamaica,JAM,2023,7.057986,2839729,Latin America and Caribbean (WB)
Japan,JPN,2023,11.735149,124370893,East Asia and Pacific (WB)
Jordan,JOR,2023,7.6661263,11439171,Middle East and North Africa (WB)
Kazakhstan,KAZ,2023,9.127437,20330063,Europe and Central Asia (WB)
Kenya,KEN,2023,8.469239,55338953,Sub-Saharan Africa (WB)
Kiribati,KIR,2023,7.381945,132494,East Asia and Pacific (WB)
Kosovo,OWID_KOS,2023,7.8708215,1699985,Europe and Central Asia (WB)
Kuwait,KWT,2023,7.382034,4838724,Middle East and North Africa (WB)
Kyrgyzstan,KGZ,2023,8.652101,7073476,Europe and Central Asia (WB)
Laos,LAO,2023,6.252321,7664955,East Asia and Pacific (WB)
Latvia,LVA,2023,10.978801,1882336,Europe and Central Asia (WB)
Lebanon,LBN,2023,6.3352394,5773446,Middle East and North Africa (WB)
Lesotho,LSO,2023,6.314051,2311429,Sub-Saharan Africa (WB)
Liberia,LBR,2023,2.2065024,5492981,Sub-Saharan Africa (WB)
Lithuania,LTU,2023,10.975232,2854061,Europe and Central Asia (WB)
Luxembourg,LUX,2023,9.795577,665058,Europe and Central Asia (WB)
Macao,MAC,2023,11.573814,713868,East Asia and Pacific (WB)
Madagascar,MDG,2023,4.713441,31195885,Sub-Saharan Africa (WB)
Malawi,MWI,2023,5.5056524,21104426,Sub-Saharan Africa (WB)
Malaysia,MYS,2023,8.889285,35126249,East Asia and Pacific (WB)
Mali,MLI,2023,2.5783932,23769081,Sub-Saharan Africa (WB)
Malta,MLT,2023,10.193024,532921,Middle East and North Africa (WB)
Marshall Islands,MHL,2023,5.659488,38803,East Asia and Pacific (WB)
Mauritania,MRT,2023,4.2314367,5022397,Sub-Saharan Africa (WB)
Mauritius,MUS,2023,9.405725,1273543,Sub-Saharan Africa (WB)
Mexico,MEX,2023,8.824254,129739713,Latin America and Caribbean (WB)
Micronesia (country),FSM,2023,7.186352,112602,East Asia and Pacific (WB)
Moldova,MDA,2023,8.288821,3067017,Europe and Central Asia (WB)
Mongolia,MNG,2023,9.153257,3431887,East Asia and Pacific (WB)
Montenegro,MNE,2023,8.9080925,633503,Europe and Central Asia (WB)
Morocco,MAR,2023,6.3176813,37712463,Middle East and North Africa (WB)
Mozambique,MOZ,2023,4.471788,33635119,Sub-Saharan Africa (WB)
Myanmar,MMR,2023,6.787967,54133741,East Asia and Pacific (WB)
Namibia,NAM,2023,6.106065,2963048,Sub-Saharan Africa (WB)
Nauru,NRU,2023,6.5116167,11850,East Asia and Pacific (WB)
Nepal,NPL,2023,7.226661,29694568,South Asia (WB)
Netherlands,NLD,2023,11.539022,18092473,Europe and Central Asia (WB)
New Zealand,NZL,2023,11.390235,5172791,East Asia and Pacific (WB)
Nicaragua,NIC,2023,6.747723,6823569,Latin America and Caribbean (WB)
Niger,NER,2023,2.682462,26159817,Sub-Saharan Africa (WB)
Nigeria,NGA,2023,5.0383425,227882899,Sub-Saharan Africa (WB)
North Macedonia,MKD,2023,7.296405,1831749,Europe and Central Asia (WB)
Norway,NOR,2023,11.233873,5519123,Europe and Central Asia (WB)
Oman,OMN,2023,8.644991,5049214,Middle East and North Africa (WB)
Pakistan,PAK,2023,5.079235,247504458,South Asia (WB)
Palau,PLW,2023,8.692236,17707,East Asia and Pacific (WB)
Palestine,PSE,2023,8.047291,5409153,Middle East and North Africa (WB)
Panama,PAN,2023,6.4808674,4458719,Latin America and Caribbean (WB)
Papua New Guinea,PNG,2023,5.9989457,10389589,East Asia and Pacific (WB)
Paraguay,PRY,2023,6.976486,6844101,Latin America and Caribbean (WB)
Peru,PER,2023,8.632247,33845565,Latin America and Caribbean (WB)
Philippines,PHL,2023,7.492334,114891152,East Asia and Pacific (WB)
Poland,POL,2023,11.374183,38762796,Europe and Central Asia (WB)
Portugal,PRT,2023,11.310053,10430680,Europe and Central Asia (WB)
Qatar,QAT,2023,8.77822,2979038,Middle East and North Africa (WB)
Romania,ROU,2023,8.369189,19118433,Europe and Central Asia (WB)
Russia,RUS,2023,10.898087,145440454,Europe and Central Asia (WB)
Rwanda,RWA,2023,3.9257712,13954429,Sub-Saharan Africa (WB)
Saint Kitts and Nevis,KNA,2023,8.477751,46743,Latin America and Caribbean (WB)
Saint Lucia,LCA,2023,8.4803295,179241,Latin America and Caribbean (WB)
Saint Vincent and the Grenadines,VCT,2023,7.71073,101286,Latin America and Caribbean (WB)
Samoa,WSM,2023,7.2451687,216630,East Asia and Pacific (WB)
Saudi Arabia,SAU,2023,7.8881774,33264239,Middle East and North Africa (WB)
Senegal,SEN,2023,4.838319,18077527,Sub-Saharan Africa (WB)
Serbia,SRB,2023,9.752607,6773156,Europe and Central Asia (WB)
Seychelles,SYC,2023,9.700825,127910,Sub-Saharan Africa (WB)
Sierra Leone,SLE,2023,4.8547077,8460469,Sub-Saharan Africa (WB)
Singapore,SGP,2023,12.81329,5789037,East Asia and Pacific (WB)
Slovakia,SVK,2023,9.799783,5518008,Europe and Central Asia (WB)
Slovenia,SVN,2023,11.370939,2118353,Europe and Central Asia (WB)
Solomon Islands,SLB,2023,4.675106,799964,East Asia and Pacific (WB)
South Africa,ZAF,2023,5.603404,63212339,Sub-Saharan Africa (WB)
South Korea,KOR,2023,11.684028,51748695,East Asia and Pacific (WB)
South Sudan,SSD,2023,2.5113463,11483321,Sub-Saharan Africa (WB)
Spain,ESP,2023,10.514696,47911535,Europe and Central Asia (WB)
Sri Lanka,LKA,2023,8.462184,22971566,South Asia (WB)
Sudan,SDN,2023,4.301438,50042754,Sub-Saharan Africa (WB)
Sweden,SWE,2023,11.580874,10551441,Europe and Central Asia (WB)
Switzerland,CHE,2023,10.933773,8870520,Europe and Central Asia (WB)
Tajikistan,TJK,2023,6.785475,10389764,Europe and Central Asia (WB)
Tanzania,TZA,2023,4.4849176,66617556,Sub-Saharan Africa (WB)
Thailand,THA,2023,8.68309,71702397,East Asia and Pacific (WB)
Togo,TGO,2023,5.9727387,9304289,Sub-Saharan Africa (WB)
Tonga,TON,2023,7.1402106,104565,East Asia and Pacific (WB)
Trinidad and Tobago,TTO,2023,9.115808,1502887,Latin America and Caribbean (WB)
Tunisia,TUN,2023,6.494052,12200387,Middle East and North Africa (WB)
Turkey,TUR,2023,9.227495,87270451,Europe and Central Asia (WB)
Tuvalu,TUV,2023,5.9977837,9788,East Asia and Pacific (WB)
Uganda,UGA,2023,4.335872,48656550,Sub-Saharan Africa (WB)
Ukraine,UKR,2023,9.874516,37732781,Europe and Central Asia (WB)
United Arab Emirates,ARE,2023,9.645997,10642052,Middle East and North Africa (WB)
United Kingdom,GBR,2023,11.538006,68682907,Europe and Central Asia (WB)
United States,USA,2023,10.55677,343477286,North America (WB)
Uruguay,URY,2023,8.551203,3388029,Latin America and Caribbean (WB)
Uzbekistan,UZB,2023,9.133364,35652264,Europe and Central Asia (WB)
Vanuatu,VUT,2023,5.6242585,320377,East Asia and Pacific (WB)
Vietnam,VNM,2023,10.680542,100352143,East Asia and Pacific (WB)
Yemen,YEM,2023,4.1787615,39390750,Middle East and North Africa (WB)
Zambia,ZMB,2023,5.036293,20723923,Sub-Saharan Africa (WB)
Zimbabwe,ZWE,2023,7.0066104,16340778,Sub-Saharan Africa (WB)
